<annotation>
	<folder>JPEGImages</folder>
	<filename>000000.jpg</filename>
	<path>F:\DataSets\Helmet\Reflective_vests\JPEGImages\000000.jpg</path>
	<source>
		<database>Unknown</database>
	</source>
	<size>
		<width>947</width>
		<height>1421</height>
		<depth>3</depth>
	</size>
	<segmented>0</segmented>
	<object>
		<name>hat</name>
		<pose>Unspecified</pose>
		<truncated>0</truncated>
		<difficult>0</difficult>
		<bndbox>
			<xmin>60</xmin>
			<ymin>66</ymin>
			<xmax>910</xmax>
			<ymax>1108</ymax>
		</bndbox>
	</object>
	<object>
		<name>other_clothes</name>
		<pose>Unspecified</pose>
		<truncated>0</truncated>
		<difficult>0</difficult>
		<bndbox>
			<xmin>4</xmin>
			<ymin>1001</ymin>
			<xmax>940</xmax>
			<ymax>1416</ymax>
		</bndbox>
	</object>
</annotation>
