<annotation>
	<folder>JPEGImages</folder>
	<filename>feda39a2-b6ab-471f-ad32-1cec7f66a523.jpg</filename>
	<path>F:\Reflective_vests\VOC2021\JPEGImages\feda39a2-b6ab-471f-ad32-1cec7f66a523.jpg</path>
	<source>
		<database>Unknown</database>
	</source>
	<size>
		<width>1024</width>
		<height>707</height>
		<depth>3</depth>
	</size>
	<segmented>0</segmented>
	<object>
		<name>reflective_clothes</name>
		<pose>Unspecified</pose>
		<truncated>0</truncated>
		<difficult>0</difficult>
		<bndbox>
			<xmin>218</xmin>
			<ymin>192</ymin>
			<xmax>388</xmax>
			<ymax>462</ymax>
		</bndbox>
	</object>
	<object>
		<name>reflective_clothes</name>
		<pose>Unspecified</pose>
		<truncated>0</truncated>
		<difficult>0</difficult>
		<bndbox>
			<xmin>370</xmin>
			<ymin>197</ymin>
			<xmax>470</xmax>
			<ymax>378</ymax>
		</bndbox>
	</object>
	<object>
		<name>reflective_clothes</name>
		<pose>Unspecified</pose>
		<truncated>0</truncated>
		<difficult>0</difficult>
		<bndbox>
			<xmin>700</xmin>
			<ymin>238</ymin>
			<xmax>883</xmax>
			<ymax>557</ymax>
		</bndbox>
	</object>
	<object>
		<name>other_clothes</name>
		<pose>Unspecified</pose>
		<truncated>0</truncated>
		<difficult>0</difficult>
		<bndbox>
			<xmin>547</xmin>
			<ymin>262</ymin>
			<xmax>706</xmax>
			<ymax>414</ymax>
		</bndbox>
	</object>
</annotation>
