<annotation>
	<folder>JPEGImages</folder>
	<filename>ff371ce5-1d9f-4d8e-be03-85b31f6316b9.jpg</filename>
	<path>F:\Reflective_vests\VOC2021\JPEGImages\ff371ce5-1d9f-4d8e-be03-85b31f6316b9.jpg</path>
	<source>
		<database>Unknown</database>
	</source>
	<size>
		<width>500</width>
		<height>500</height>
		<depth>3</depth>
	</size>
	<segmented>0</segmented>
	<object>
		<name>reflective_clothes</name>
		<pose>Unspecified</pose>
		<truncated>0</truncated>
		<difficult>0</difficult>
		<bndbox>
			<xmin>30</xmin>
			<ymin>104</ymin>
			<xmax>188</xmax>
			<ymax>419</ymax>
		</bndbox>
	</object>
	<object>
		<name>reflective_clothes</name>
		<pose>Unspecified</pose>
		<truncated>0</truncated>
		<difficult>0</difficult>
		<bndbox>
			<xmin>294</xmin>
			<ymin>91</ymin>
			<xmax>475</xmax>
			<ymax>427</ymax>
		</bndbox>
	</object>
</annotation>
