<annotation>
	<folder>JPEGImages</folder>
	<filename>ffd08a30-0348-4878-bea4-6e4e3b58ac77.jpg</filename>
	<path>F:\Reflective_vests\VOC2021\JPEGImages\ffd08a30-0348-4878-bea4-6e4e3b58ac77.jpg</path>
	<source>
		<database>Unknown</database>
	</source>
	<size>
		<width>500</width>
		<height>749</height>
		<depth>3</depth>
	</size>
	<segmented>0</segmented>
	<object>
		<name>reflective_clothes</name>
		<pose>Unspecified</pose>
		<truncated>0</truncated>
		<difficult>0</difficult>
		<bndbox>
			<xmin>106</xmin>
			<ymin>262</ymin>
			<xmax>276</xmax>
			<ymax>503</ymax>
		</bndbox>
	</object>
	<object>
		<name>reflective_clothes</name>
		<pose>Unspecified</pose>
		<truncated>0</truncated>
		<difficult>0</difficult>
		<bndbox>
			<xmin>295</xmin>
			<ymin>154</ymin>
			<xmax>419</xmax>
			<ymax>340</ymax>
		</bndbox>
	</object>
	<object>
		<name>reflective_clothes</name>
		<pose>Unspecified</pose>
		<truncated>1</truncated>
		<difficult>0</difficult>
		<bndbox>
			<xmin>385</xmin>
			<ymin>532</ymin>
			<xmax>500</xmax>
			<ymax>722</ymax>
		</bndbox>
	</object>
	<object>
		<name>other_clothes</name>
		<pose>Unspecified</pose>
		<truncated>0</truncated>
		<difficult>0</difficult>
		<bndbox>
			<xmin>2</xmin>
			<ymin>422</ymin>
			<xmax>100</xmax>
			<ymax>601</ymax>
		</bndbox>
	</object>
</annotation>
